{"cameraMode":{"drawMode":0,"name":"Shaded","section":"Shading Mode"},"sceneLighting":false,"audioPlay":false,"sceneViewState":{"showFog":true,"showMaterialUpdate":false,"showSkybox":false,"showFlares":true,"showImageEffects":true,"showParticleSystems":true},"in2DMode":false,"pivot":{"x":148.05726623535157,"y":3.7670576572418215,"z":-16.594829559326173},"rotation":{"x":0.026194391772150995,"y":0.5920195579528809,"z":-0.018908217549324037,"w":0.8053722977638245},"size":14.14615249633789,"orthographic":false}