{"cameraMode":{"drawMode":0,"name":"Shaded","section":"Shading Mode"},"sceneLighting":false,"audioPlay":false,"sceneViewState":{"showFog":true,"showMaterialUpdate":false,"showSkybox":false,"showFlares":true,"showImageEffects":true,"showParticleSystems":true},"in2DMode":false,"pivot":{"x":0.12004109472036362,"y":-0.02873237244784832,"z":-0.101139135658741},"rotation":{"x":0.08096051216125488,"y":0.42675885558128359,"z":0.03832310438156128,"w":-0.8999632000923157},"size":0.009823083877563477,"orthographic":false}