{"cameraMode":{"drawMode":0,"name":"Shaded","section":"Shading Mode"},"sceneLighting":false,"audioPlay":false,"sceneViewState":{"showFog":true,"showMaterialUpdate":false,"showSkybox":false,"showFlares":true,"showImageEffects":true,"showParticleSystems":true},"in2DMode":false,"pivot":{"x":307.8999938964844,"y":135.6999969482422,"z":-108.4000015258789},"rotation":{"x":-0.2504551112651825,"y":0.679368793964386,"z":-0.26765716075897219,"w":-0.6356921195983887},"size":12.047524452209473,"orthographic":false}