{"cameraMode":{"drawMode":0,"name":"Shaded","section":"Shading Mode"},"sceneLighting":false,"audioPlay":false,"sceneViewState":{"showFog":true,"showMaterialUpdate":false,"showSkybox":false,"showFlares":true,"showImageEffects":true,"showParticleSystems":true},"in2DMode":false,"pivot":{"x":158.376953125,"y":-71.2785415649414,"z":145.32186889648438},"rotation":{"x":-0.15036030113697053,"y":0.8052485585212708,"z":-0.23052577674388886,"w":-0.5252975225448608},"size":0.2660253643989563,"orthographic":false}