{"cameraMode":{"drawMode":0,"name":"Shaded","section":"Shading Mode"},"sceneLighting":false,"audioPlay":false,"sceneViewState":{"showFog":true,"showMaterialUpdate":false,"showSkybox":false,"showFlares":true,"showImageEffects":true,"showParticleSystems":true},"in2DMode":false,"pivot":{"x":-0.47260284423828127,"y":26.883380889892579,"z":-7.360939025878906},"rotation":{"x":-0.08004686236381531,"y":0.9154074192047119,"z":-0.22722923755645753,"w":-0.32247424125671389},"size":36.8817138671875,"orthographic":false}