{"cameraMode":{"drawMode":0,"name":"Shaded","section":"Shading Mode"},"sceneLighting":false,"audioPlay":false,"sceneViewState":{"showFog":true,"showMaterialUpdate":false,"showSkybox":false,"showFlares":true,"showImageEffects":true,"showParticleSystems":true},"in2DMode":false,"pivot":{"x":106.33905792236328,"y":-0.8000006675720215,"z":-61.086883544921878},"rotation":{"x":0.27648627758026125,"y":0.03560802713036537,"z":-0.010294249281287194,"w":0.960390031337738},"size":8.53760814666748,"orthographic":false}