{"cameraMode":{"drawMode":0,"name":"Shaded","section":"Shading Mode"},"sceneLighting":false,"audioPlay":false,"sceneViewState":{"showFog":true,"showMaterialUpdate":false,"showSkybox":false,"showFlares":true,"showImageEffects":true,"showParticleSystems":true},"in2DMode":false,"pivot":{"x":144.4499969482422,"y":0.309999942779541,"z":-21.510000228881837},"rotation":{"x":-0.019356710836291314,"y":0.9735075235366821,"z":-0.2093372642993927,"w":-0.09001139551401138},"size":11.351595878601075,"orthographic":false}