{"cameraMode":{"drawMode":0,"name":"Shaded","section":"Shading Mode"},"sceneLighting":false,"audioPlay":false,"sceneViewState":{"showFog":true,"showMaterialUpdate":false,"showSkybox":false,"showFlares":true,"showImageEffects":true,"showParticleSystems":true},"in2DMode":false,"pivot":{"x":39.804656982421878,"y":-20.104780197143556,"z":-1.8571090698242188},"rotation":{"x":0.018014531582593919,"y":-0.9805529117584229,"z":0.16308578848838807,"w":0.10834411531686783},"size":49.55957794189453,"orthographic":false}